cell,arm,frames,s2_mean,s2_p10,psnr,terr,grad,grad_ref,align_minus1,align_0,align_plus1
X4-Wp/lr_clean,torch-bf16,45,-45.662666666666674,-49.096000000000004,25.40333333333333,8.793545722961426,51.086368560791016,26.0755934715271,13.75512409210205,10.5789794921875,16.79645347595215
X4-Wp/lr_clean,mlx-fp32,45,-44.275555555555556,-48.078,25.493555555555556,8.708897590637207,50.570563634236656,26.0755934715271,13.721803665161133,10.501775741577148,16.668346405029297
X4-Wp/lr_clean,mlx-fp32-s1,45,-44.23688888888888,-48.04,25.477333333333334,8.597588539123535,49.97697226206461,26.0755934715271,13.793365478515625,10.568341255187988,16.775211334228516
X4-Wp/lr_clean,mlx-bf16,45,-44.132222222222225,-48.076,25.47688888888889,8.713861465454102,50.46887365976969,26.0755934715271,13.733414649963379,10.525583267211914,16.685909271240234
X4-Wp/lr_clean,mlx-ditbf16,45,-43.94444444444444,-47.862,25.505777777777777,8.67452335357666,50.38577969868978,26.0755934715271,13.698833465576172,10.486035346984863,16.653430938720703
X4-Hp/lr_clean,torch-bf16,45,-17.022000000000002,-22.022,27.487111111111112,6.923552989959717,28.757427215576172,29.4725817044576,14.293548583984375,6.1087751388549805,14.02197265625
X4-Hp/lr_clean,mlx-fp32,45,-16.112666666666662,-22.188,27.593777777777774,6.839583396911621,28.557162761688232,29.4725817044576,14.259549140930176,6.096589088439941,14.086441040039062
X4-Hp/lr_clean,mlx-fp32-s1,45,-16.87688888888889,-22.924,27.540666666666667,6.892857551574707,28.931235154469807,29.4725817044576,14.417675971984863,6.048402309417725,13.9854736328125
X4-Hp/lr_clean,mlx-bf16,45,-16.355555555555554,-22.566,27.592444444444446,6.8412370681762695,28.516480286916096,29.4725817044576,14.233113288879395,6.08801794052124,14.083761215209961
X4-Hp/lr_clean,mlx-ditbf16,45,-16.055333333333333,-22.506,27.60977777777778,6.826894760131836,28.426820278167725,29.4725817044576,14.219757080078125,6.068965435028076,14.068888664245605
X4-Hp/lr_clean,mlx-bf16-kernel,45,-16.341333333333335,-22.628,27.589333333333332,6.842031955718994,28.49680010477702,29.4725817044576,14.227926254272461,6.09221076965332,14.082259178161621
X4-Wp/lr_clean,mlx-bf16-kernel,45,-44.101777777777784,-48.078,25.481333333333335,8.710412979125977,50.4690793355306,26.0755934715271,13.719799995422363,10.511951446533203,16.671499252319336
